compound,SMILES,MolecularWeight,Min_Concentration,Max_Concentration
GLPG1690,"CCC1=C(N(C)C2=NC(=C(S2)C#N)C2=CC=C(F)C=C2)N2C=C(C=C(C)C2=N1)N1CCN(CC(=O)N2CC(O)C2)CC1 |c:2,8,19,23,29,t:6,14,16,25|",588.7130000000002,0.003,10.0
Ulixertinib,"CC(C)NC1=NC=C(Cl)C(=C1)C1=CNC(=C1)C(=O)N[C@H](CO)C1=CC(Cl)=CC=C1 |r,c:9,15,27,29,t:4,6,12,24|",433.33900000000017,0.003,10.0
Mefloquine,"OC(C1CCCCN1)C1=C2C=CC=C(C2=NC(=C1)C(F)(F)F)C(F)(F)F |c:9,11,13,16,18|",378.316,0.003,10.0
secnidazole,"C[C@H](O)CN1C(C)=NC=C1[N+]([O-])=O |&1:1,r,c:6,8|",185.183,0.003,10.0
Oxybuprocaine,"CCCCOC1=CC(=CC=C1N)C(=O)OCCN(CC)CC |c:7,9,t:5|",308.4220000000001,0.003,10.0
Neratinib,"CCOC1=CC2=C(C=C1NC(=O)\C=C\CN(C)C)C(NC1=CC(Cl)=C(OCC3=NC=CC=C3)C=C1)=C(C=N2)C#N |c:5,7,30,32,35,37,39,t:3,21,24,28|",557.0540000000001,0.003,10.0
Cilomilast,"[H]C1(CCC(CC1)(C#N)C1=CC(OC2CCCC2)=C(OC)C=C1)C(O)=O |c:23,t:10,19|",343.42300000000006,0.003,10.0
Amoxapine,"ClC1=CC2=C(OC3=CC=CC=C3N=C2N2CCNCC2)C=C1 |c:8,10,13,23,t:1,3,6|",313.78800000000007,0.003,10.0
Delavirdine,"CC(C)NC1=C(N=CC=C1)N1CCN(CC1)C(=O)C1=CC2=CC(NS(C)(=O)=O)=CC=C2N1 |c:6,8,29,31,t:4,20,22|",456.5720000000001,0.003,10.0
sacubitril,"CCOC(=O)[C@H](C)C[C@@H](CC1=CC=C(C=C1)C1=CC=CC=C1)NC(=O)CCC(O)=O |a:5,8,r,c:12,14,19,21,t:10,17|",411.49800000000016,0.003,10.0
Disulfiram,CCN(CC)C(=S)SSC(=S)N(CC)CC,296.5520000000001,0.003,10.0
BIRB 796,"CC1=CC=C(C=C1)N1N=C(C=C1NC(=O)NC1=CC=C(OCCN2CCOCC2)C2=C1C=CC=C2)C(C)(C)C |c:3,5,9,11,32,35,37,t:1,18,20|",527.6690000000004,0.003,10.0
4-Aminopyridine,"NC1=CC=NC=C1 |c:3,5,t:1|",94.117,0.003,10.0
AZM475271,"COC1=CC=C(Cl)C(NC2=C3C=C(OC)C(OCC4CCN(C)CC4)=CC3=NC=N2)=C1 |c:9,25,28,30,32,t:2,4,11|",442.9470000000003,0.003,10.0
Brinzolamide,"CCN[C@H]1CN(CCCOC)S(=O)(=O)C2=C1C=C(S2)S(N)(=O)=O |c:14,17|",383.5170000000001,0.003,10.0
frovatriptan,"CN[C@@H]1CCC2=C(C1)C1=C(N2)C=CC(=C1)C(N)=O |a:2,r,c:5,9,13,15|",243.31,0.003,10.0
BAF312,"CCC1=C(CN2CC(C2)C(O)=O)C=CC(=C1)C(C)=NOCC1=CC(=C(C=C1)C1CCCCC1)C(F)(F)F |c:2,13,15,25,27,t:23|",516.6040000000004,0.003,10.0
LY3023414,"CO[C@@H](C)CN1C(=O)N(C)C2=C1C1=CC(=CC=C1N=C2)C1=CC(=CN=C1)C(C)(C)O |c:10,15,17,20,25,27,t:13,23|",406.48600000000016,0.003,10.0
Esomeprazole,"COC1=CC2=C([N-]C(=N2)[S@@](=O)CC2=C(C)C(OC)=C(C)C=N2)C=C1 |r,c:7,13,21,24,t:2,4,18|",344.41600000000005,0.003,10.0
Letrozole,"N#CC1=CC=C(C=C1)C(N1C=NC=N1)C1=CC=C(C=C1)C#N |c:4,6,11,13,18,20,t:2,16|",285.31,0.003,10.0
Sulfacetamide,"CC(=O)[N-]S(=O)(=O)C1=CC=C(N)C=C1 |c:12,t:7,9|",213.238,0.003,10.0
Nitazoxanide,"CC(=O)OC1=C(C=CC=C1)C(=O)NC1=NC=C(S1)[N+]([O-])=O |c:6,8,16,t:4,14|",307.28700000000003,0.003,10.0
benzonatate,"CCCCNC1=CC=C(C=C1)C(=O)OCCOCCOCCOCCOCCOCCOCCOCCOCCOC |c:7,9,t:5|",603.7500000000003,0.003,10.0
Ataluren,"OC(=O)C1=CC=CC(=C1)C1=NOC(=N1)C1=CC=CC=C1F |c:5,7,13,18,20,t:3,10,16|",284.246,0.003,10.0
Gefitinib,"COC1=C(OCCCN2CCOCC2)C=C2C(NC3=CC=C(F)C(Cl)=C3)=NC=NC2=C1 |c:2,25,27,29,32,t:15,19,21|",446.91,0.003,10.0
phloroglucin,"OC1=CC(O)=CC(O)=C1 |c:4,7,t:1|",126.11099999999996,0.003,10.0
Fostamatinib,"COC1=CC(NC2=NC=C(F)C(NC3=CC=C4OC(C)(C)C(=O)N(COP(O)(O)=O)C4=N3)=N2)=CC(OC)=C1OC |c:31,33,35,39,t:2,6,8,13,15|",580.4660000000002,0.003,10.0
Agomelatine,"COC1=CC2=C(C=CC=C2CCNC(C)=O)C=C1 |c:6,8,17,t:2,4|",243.30599999999995,0.003,10.0
PF-04929113,"CC1(C)CC2=C(C(=NN2C2=CC=C(C(N)=O)C(N[C@H]3CC[C@@H](CC3)OC(=O)CN)=C2)C(F)(F)F)C(=O)C1 |r,c:6,30,t:4,10,12|",521.5400000000003,0.003,10.0
Peramivir,[H][C@@]1([C@@H](NC(C)=O)C(CC)CC)[C@H](O)[C@H](C[C@H]1NC(N)=N)C(O)=O,328.413,0.003,10.0
Ospemifene,"OCCOC1=CC=C(C=C1)C(=C(\CCCl)C1=CC=CC=C1)\C1=CC=CC=C1 |c:6,8,18,20,25,27,t:4,16,23|",378.899,0.003,10.0
Naphazoline,"C(C1=NCCN1)C1=C2C=CC=CC2=CC=C1 |c:7,9,11,14,16,t:1|",210.28000000000003,0.003,10.0
Asenapine,"[H][C@]12CN(C)C[C@]1([H])C1=C(OC3=C2C=CC=C3)C=CC(Cl)=C1 |c:9,12,15,17,20,23|",285.774,0.003,10.0
Roflumilast,"FC(F)OC1=CC=C(C=C1OCC1CC1)C(=O)NC1=C(Cl)C=NC=C1Cl |c:6,8,20,23,25,t:4|",403.212,0.003,10.0
Avatrombopag,"OC(=O)C1CCN(CC1)C1=NC=C(C=C1Cl)C(=O)NC1=NC(C2=CC(Cl)=CS2)=C(S1)N1CCN(CC1)C1CCCCC1 |c:12,14,27,30,t:10,21,24|",649.6699999999996,0.003,10.0
Pioglitazone,"CCC1=CC=C(CCOC2=CC=C(CC3SC(=O)NC3=O)C=C2)N=C1 |c:22,25,t:2,4,9,11|",356.44700000000006,0.003,10.0
Pyrimethamine,"CCC1=NC(N)=NC(N)=C1C1=CC=C(Cl)C=C1 |c:5,8,16,t:2,11,13|",248.71700000000004,0.003,10.0
disopyramide,"CC(C)N(CC[C@](C(N)=O)(C1=CC=CC=C1)C1=NC=CC=C1)C(C)C |&1:6,r,c:12,14,19,21,t:10,17|",339.4830000000001,0.003,10.0
terazosin,"COC1=C(OC)C=C2C(N)=NC(=NC2=C1)N1CCN(CC1)C(=O)[C@@H]1CCCO1 |&1:23,r,c:2,9,11,14,t:6|",387.4400000000002,0.003,10.0
Rasagiline,"C#CCN[C@@H]1CCC2=CC=CC=C12 |c:9,t:7,11|",171.243,0.003,10.0
VX-809,"CC1=C(N=C(NC(=O)C2(CC2)C2=CC3=C(OC(F)(F)O3)C=C2)C=C1)C1=CC=CC(=C1)C(O)=O |c:22,25,30,32,t:1,3,12,14,28|",452.4130000000001,0.003,10.0
Nilotinib,"CC1=CN(C=N1)C1=CC(NC(=O)C2=CC=C(C)C(NC3=NC=CC(=N3)C3=CN=CC=C3)=C2)=CC(=C1)C(F)(F)F |c:4,22,24,29,31,33,35,37,t:1,7,13,15,20,27|",529.5260000000002,0.003,10.0
Levalbuterol,"CC(C)(C)NC[C@H](O)C1=CC(CO)=C(O)C=C1 |c:15,t:8,12|",239.315,0.003,10.0
warfarin,"CC(=O)C[C@@H](C1=CC=CC=C1)C1=C(O)C2=C(OC1=O)C=CC=C2 |&1:4,r,c:7,9,12,15,21,23,t:5|",308.333,0.003,10.0
Tripelennamine,"CN(C)CCN(CC1=CC=CC=C1)C1=NC=CC=C1 |c:9,11,16,18,t:7,14|",255.36500000000004,0.003,10.0
Lumiracoxib,"CC1=CC=C(NC2=C(Cl)C=CC=C2F)C(CC(O)=O)=C1 |c:6,9,11,19,t:1,3|",293.725,0.003,10.0
Netupitant,"CN(C(=O)C(C)(C)C1=CC(=CC(=C1)C(F)(F)F)C(F)(F)F)C1=C(C=C(N=C1)N1CCN(C)CC1)C1=CC=CC=C1C |c:9,11,24,26,39,41,t:7,22,37|",578.6010000000002,0.003,10.0
etacrynic-acid,"CCC(=C)C(=O)C1=CC=C(OCC(O)=O)C(Cl)=C1Cl |c:16,t:6,8|",303.141,0.003,10.0
mezlocillin,"CC1(C)S[C@H]2[C@@H](NC(=O)[C@@H](NC(=O)N3CCN(C3=O)S(C)(=O)=O)C3=CC=CC=C3)C(=O)N2[C@@H]1C(O)=O |a:4,5,9,32,r,c:26,28,t:24|",539.5920000000003,0.003,10.0
Sitagliptin phosphate monohydrate,"N[C@@H](CC(=O)N1CCN2C(C1)=NN=C2C(F)(F)F)CC1=C(F)C=C(F)C(F)=C1 |r,c:11,13,21,28,t:24|",407.3180000000001,0.003,10.0
fenoprofen,"C[C@@H](C(O)=O)C1=CC(OC2=CC=CC=C2)=CC=C1 |&1:1,r,c:11,13,15,17,t:5,9|",242.27400000000003,0.003,10.0
Torsemide,"CC(C)NC(=O)NS(=O)(=O)C1=C(NC2=CC=CC(C)=C2)C=CN=C1 |c:10,15,18,21,23,t:13|",348.42800000000005,0.003,10.0
Sertindole,"FC1=CC=C(C=C1)N1C=C(C2CCN(CCN3CCNC3=O)CC2)C2=CC(Cl)=CC=C12 |c:3,5,30,t:1,9,27,32|",440.9500000000002,0.003,10.0
Topiroxostat,"N#CC1=NC=CC(=C1)C1=NNC(=N1)C1=CC=NC=C1 |c:4,6,12,17,19,t:2,9,15|",248.249,0.003,10.0
Febuxostat,"CC(C)COC1=C(C=C(C=C1)C1=NC(C)=C(S1)C(O)=O)C#N |c:7,9,15,t:5,12|",316.38200000000006,0.003,10.0
TG101348,"CC1=C(NC2=CC=CC(=C2)S(=O)(=O)NC(C)(C)C)N=C(NC2=CC=C(OCCN3CCCC3)C=C2)N=C1 |c:1,6,8,35,38,t:4,19,22,24|",524.6910000000004,0.003,10.0
Protryptyline,"CNCCCC1C2=CC=CC=C2C=CC2=CC=CC=C12 |c:8,10,13,17,t:6,15,19|",263.384,0.003,10.0
Glycopyrrolate,"C[N+]1(C)CCC(C1)OC(=O)C(O)(C1CCCC1)C1=CC=CC=C1 |c:21,23,t:19|",318.43699999999995,0.003,10.0
Eliglustat Tartrate,"CCCCCCCC(=O)N[C@H](CN1CCCC1)[C@H](O)C1=CC2=C(OCCO2)C=C1 |c:29,t:20,22|",404.55100000000016,0.003,10.0
Thiabendazole,"N1C2=C(C=CC=C2)N=C1C1=CSC=N1 |c:3,5,8,14,t:1,11|",201.254,0.003,10.0
Pexmetinib,"CC1=CC=C(C=C1)N1N=C(C=C1NC(=O)NCC1=C(OC2=CC3=C(C=C2)N(CCO)N=C3)C=CC(F)=C1)C(C)(C)C |c:3,5,9,11,19,24,26,33,36,39,t:1,22|",556.6420000000002,0.003,10.0
Topotecan,"CC[C@@]1(O)C(=O)OCC2=C1C=C1N(CC3=C1N=C1C=CC(O)=C(CN(C)C)C1=C3)C2=O |c:8,11,15,20,30,t:18,23|",421.4530000000002,0.003,10.0
Aliskiren,"COCCCOC1=C(OC)C=CC(C[C@@H](C[C@H](N)[C@@H](O)C[C@@H](C(C)C)C(=O)NCC(C)(C)C(N)=O)C(C)C)=C1 |c:6,10,37|",551.7690000000002,0.003,10.0
Imiquimod,"CC(C)CN1C=NC2=C1C1=CC=CC=C1N=C2N |c:5,7,12,14,17,t:10|",240.31,0.003,10.0
sulfinpyrazone,"O=C1C(CC[S@](=O)C2=CC=CC=C2)C(=O)N(N1C1=CC=CC=C1)C1=CC=CC=C1 |&1:5,r,c:9,11,21,23,28,30,t:7,19,26|",404.4910000000001,0.003,10.0
Melphalan,"N[C@@H](CC1=CC=C(C=C1)N(CCCl)CCCl)C(O)=O |c:5,7,t:3|",305.2049999999999,0.003,10.0
Levamlodipine,"CCOC(=O)C1=C(COCCN)NC(C)=C([C@@H]1C1=CC=CC=C1Cl)C(=O)OC |r,c:5,14,20,22,t:18|",408.88200000000006,0.003,10.0
Lenalidomide,"NC1=C2CN(C3CCC(=O)NC3=O)C(=O)C2=CC=C1 |c:1,17,19|",259.265,0.003,10.0
ABT-199,"CC1(C)CCC(CN2CCN(CC2)C2=CC(OC3=CN=C4NC=CC4=C3)=C(C=C2)C(=O)NS(=O)(=O)C2=CC=C(NCC3CCOCC3)C(=C2)[N+]([O-])=O)=C(C1)C1=CC=C(Cl)C=C1 |c:23,26,28,30,52,57,66,t:14,18,20,39,41,61,63|",868.4569999999997,0.003,10.0
Lopinavir,"CC(C)[C@H](N1CCCNC1=O)C(=O)N[C@H](C[C@H](O)[C@H](CC1=CC=CC=C1)NC(=O)COC1=C(C)C=CC=C1C)CC1=CC=CC=C1 |c:23,25,33,36,38,45,47,t:21,43|",628.8140000000002,0.003,10.0
Teneligliptin,"CC1=NN(C(=C1)N1CCN(CC1)[C@@H]1CN[C@@H](C1)C(=O)N1CCSC1)C1=CC=CC=C1 |c:4,30,32,t:1,28|",426.59000000000015,0.003,10.0
isoprenaline,"CC(C)NC[C@H](O)C1=CC(O)=C(O)C=C1 |&1:5,r,c:13,t:7,10|",211.261,0.003,10.0
garenoxacin,"C[C@H]1NCC2=C1C=CC(=C2)C1=CC=C2C(=O)C(=CN(C3CC3)C2=C1OC(F)F)C(O)=O |a:1,r,c:4,7,9,18,26,t:12,14|",426.41900000000015,0.003,10.0
GSK-1070916,"CCN1C=C(C(=N1)C1=CC=C(NC(=O)N(C)C)C=C1)C1=C2C=C(NC2=NC=C1)C1=CC=CC(CN(C)C)=C1 |c:3,5,18,21,23,27,29,34,40,t:8,10,32|",507.6420000000003,0.003,10.0
Rufinamide,"NC(=O)C1=CN(CC2=C(F)C=CC=C2F)N=N1 |c:7,10,12,16,t:3|",238.197,0.003,10.0
Bromfenac,"NC1=C(C=CC=C1CC([O-])=O)C(=O)C1=CC=C(Br)C=C1 |c:3,5,19,t:1,14,16|",333.16099999999994,0.003,10.0
Trioxsalen,"CC1=CC2=C(O1)C(C)=C1OC(=O)C=C(C)C1=C2 |c:3,17,t:1,8,13|",228.247,0.003,10.0
gemifloxacin,"CO\N=C1/CN(C[C@@H]1CN)C1=C(F)C=C2C(=O)C(=CN(C3CC3)C2=N1)C(O)=O |&1:7,r,c:11,18,26,t:14|",389.3870000000001,0.003,10.0
benperidol,"FC1=CC=C(C=C1)C(=O)CCCN1CCC(CC1)N1C(=O)NC2=C1C=CC=C2 |c:3,5,24,27,29,t:1|",381.451,0.003,10.0
Sulfaphenazole,"NC1=CC=C(C=C1)S(=O)(=O)NC1=CC=NN1C1=CC=CC=C1 |c:3,5,14,20,22,t:1,12,18|",314.37,0.003,10.0
Pimozide,"FC1=CC=C(C=C1)C(CCCN1CCC(CC1)N1C(=O)NC2=CC=CC=C12)C1=CC=C(F)C=C1 |c:3,5,25,36,t:1,23,27,31,33|",461.5560000000001,0.003,10.0
Panobinostat,"CC1=C(CCNCC2=CC=C(\C=C\C(=O)NO)C=C2)C2=C(N1)C=CC=C2 |c:1,17,20,24,26,t:7,9|",349.4340000000001,0.003,10.0
blonanserin,"CCN1CCN(CC1)C1=CC(C2=CC=C(F)C=C2)=C2CCCCCCC2=N1 |c:17,28,t:9,12,14,19|",367.51200000000034,0.003,10.0
Oxymetazoline,"CC1=CC(=C(O)C(C)=C1CC1=NCCN1)C(C)(C)C |c:7,t:1,3,11|",260.381,0.003,10.0
Flavoxate,"CC1=C(OC2=C(C=CC=C2C(=O)OCCN2CCCCC2)C1=O)C1=CC=CC=C1 |c:6,8,28,30,t:1,4,26|",391.46700000000016,0.003,10.0
Methotrexate,"CN(CC1=CN=C2N=C(N)N=C(N)C2=N1)C1=CC=C(C=C1)C(=O)N[C@@H](CCC(O)=O)C(O)=O |c:14,19,21,t:3,5,7,10,17|",454.4470000000002,0.003,10.0
eltrombopag,"CC1=NN(C(=O)\C1=N\NC1=C(O)C(=CC=C1)C1=CC(=CC=C1)C(O)=O)C1=CC(C)=C(C)C=C1 |c:10,13,15,20,22,34,t:1,18,28,31|",442.4750000000002,0.003,10.0
Trazodone,"ClC1=CC(=CC=C1)N1CCN(CCCN2N=C3C=CC=CN3C2=O)CC1 |c:3,5,18,20,t:1,16|",371.87200000000007,0.003,10.0
Nortriptyline,"CNCCC=C1C2=CC=CC=C2CCC2=CC=CC=C12 |c:8,10,17,t:6,15,19|",263.384,0.003,10.0
Ticlopidine,"ClC1=CC=CC=C1CN1CCC2=C(C1)C=CS2 |c:3,5,12,16,t:1|",263.79299999999995,0.003,10.0
Hydroxyurea,NC(=O)NO,76.05499999999999,0.003,10.0
Atazanavir,"COC(=O)N[C@H](C(=O)N[C@@H](CC1=CC=CC=C1)[C@@H](O)CN(CC1=CC=C(C=C1)C1=NC=CC=C1)NC(=O)[C@@H](NC(=O)OC)C(C)(C)C)C(C)(C)C |c:13,15,25,27,32,34,t:11,23,30|",704.869,0.003,10.0
Naratriptan,"CNS(=O)(=O)CCC1=CC=C2NC=C(C3CCN(C)CC3)C2=C1 |c:23,t:7,9,12|",335.4730000000001,0.003,10.0
Prochlorperazine,"CN1CCN(CCCN2C3=CC=CC=C3SC3=C2C=C(Cl)C=C3)CC1 |c:11,13,17,23,t:9,20|",373.9530000000002,0.003,10.0
lercanidipine,"COC(=O)C1=C(C)NC(C)=C([C@H]1C1=CC=CC(=C1)[N+]([O-])=O)C(=O)OC(C)(C)CN(C)CCC(C1=CC=CC=C1)C1=CC=CC=C1 |&1:11,r,c:4,9,15,17,37,39,44,46,t:13,35,42|",611.7390000000005,0.003,10.0
Ethionamide,"CCC1=NC=CC(=C1)C(N)=S |c:4,6,t:2|",166.24899999999997,0.003,10.0
Narlaprevir,[H][C@]12CN([C@H](C(=O)N[C@@H](CCCC)C(=O)C(=O)NC3CC3)[C@@]1([H])C2(C)C)C(=O)[C@@H](NC(=O)NC1(CS(=O)(=O)C(C)(C)C)CCCCC1)C(C)(C)C,707.9789999999997,0.003,10.0
ofloxacin,"C[C@H]1COC2=C3N1C=C(C(O)=O)C(=O)C3=CC(F)=C2N1CCN(C)CC1 |&1:1,r,c:4,16,19,t:8|",361.37300000000016,0.003,10.0
Phenylephrine,"[H][C@](O)(CNC)C1=CC(O)=CC=C1 |c:9,11,t:6|",167.208,0.003,10.0
SLx-2119,"CC(C)NC(=O)COC1=CC=CC(=C1)C1=NC(NC2=CC3=C(NN=C3)C=C2)=C2C=CC=CC2=N1 |c:10,12,24,27,31,33,36,t:8,15,19,21,29|",452.51800000000014,0.003,10.0
Piperonyl butoxide,"CCCCOCCOCCOCC1=CC2=C(OCO2)C=C1CCC |c:20,t:12,14|",338.4440000000001,0.003,10.0
Diethylcarbamazine,CCN(CC)C(=O)N1CCN(C)CC1,199.29799999999997,0.003,10.0
Elafibranor,"CSC1=CC=C(C=C1)C(=O)\C=C\C1=CC(C)=C(OC(C)(C)C(O)=O)C(C)=C1 |c:4,6,26,t:2,13,16|",384.4970000000001,0.003,10.0
Ganciclovir,"NC1=NC2=C(N=CN2COC(CO)CO)C(=O)N1 |c:5,t:1,3|",255.234,0.003,10.0
Flutamide,"CC(C)C(=O)NC1=CC(=C(C=C1)[N+]([O-])=O)C(F)(F)F |c:8,10,t:6|",276.21399999999994,0.003,10.0
Ziprasidone,"ClC1=CC2=C(CC(=O)N2)C=C1CCN1CCN(CC1)C1=NSC2=C1C=CC=C2 |c:10,25,28,30,t:1,3,22|",412.94600000000014,0.003,10.0
Ropinirole,"CCCN(CCC)CCC1=CC=CC2=C1CC(=O)N2 |c:11,13,t:9|",260.3809999999999,0.003,10.0
Amlexanox,"CC(C)C1=CC=C2OC3=NC(N)=C(C=C3C(=O)C2=C1)C(O)=O |c:11,13,19,t:3,5,8|",298.298,0.003,10.0
Lamotrigine,"NC1=NC(N)=C(N=N1)C1=CC=CC(Cl)=C1Cl |c:4,6,11,14,t:1,9|",256.096,0.003,10.0
Chlorpropamide,"CCCNC(=O)NS(=O)(=O)C1=CC=C(Cl)C=C1 |c:15,t:10,12|",276.745,0.003,10.0
isradipine,"COC(=O)C1=C(C)NC(C)=C([C@H]1C1=CC=CC2=NON=C12)C(=O)OC(C)C |&1:11,r,c:4,9,15,t:13,17,20|",371.3930000000002,0.003,10.0
Lornoxicam,"CN1C(C(=O)NC2=NC=CC=C2)=C(O)C2=C(C=C(Cl)S2)S1(=O)=O |c:8,10,t:6,12,15,17|",371.82700000000006,0.003,10.0
sitafloxacin,"N[C@@H]1CN(CC11CC1)C1=C(F)C=C2C(=O)C(=CN([C@@H]3C[C@@H]3F)C2=C1Cl)C(O)=O |a:1,18,20,r,c:10,17,26,t:13|",409.82000000000016,0.003,10.0
Ibudilast,"CC(C)C(=O)C1=C2C=CC=CN2N=C1C(C)C |c:5,7,9,13|",230.311,0.003,10.0
CKD 602,"CC[C@@]1(O)C(=O)OCC2=C1C=C1N(CC3=C(CCNC(C)C)C4=CC=CC=C4N=C13)C2=O |c:8,11,15,25,27,t:23,30|",433.5080000000001,0.003,10.0
Metronidazole,"CC1=NC=C(N1CCO)[N+]([O-])=O |c:3,t:1|",171.15599999999998,0.003,10.0
emedastine,"CCOCCN1C(=NC2=C1C=CC=C2)N1CCCN(C)CC1 |c:6,8,11,13|",302.4220000000001,0.003,10.0
Zafirlukast,"COC1=CC(=CC=C1CC1=CN(C)C2=C1C=C(NC(=O)OC1CCCC1)C=C2)C(=O)NS(=O)(=O)C1=CC=CC=C1C |c:4,6,14,29,40,42,t:2,10,17,38|",575.6870000000004,0.003,10.0
Minaprine,"CC1=CC(=NN=C1NCCN1CCOCC1)C1=CC=CC=C1 |c:3,5,20,22,t:1,18|",298.39,0.003,10.0
pinacidil,"CC(N\C(NC1=CC=NC=C1)=N\C#N)C(C)(C)C |c:7,9,t:5|",245.33,0.003,10.0
Loxapine,"CN1CCN(CC1)C1=NC2=C(OC3=C1C=C(Cl)C=C3)C=CC=C2 |c:10,13,19,22,24,t:8,16|",327.815,0.003,10.0
azelastine,"CN1CCC[C@@H](CC1)N1N=C(CC2=CC=C(Cl)C=C2)C2=C(C=CC=C2)C1=O |&1:5,r,c:18,23,25,t:10,13,15,21|",381.9070000000001,0.003,10.0
Clonidine,"ClC1=CC=CC(Cl)=C1NC1=NCCN1 |c:3,6,t:1,10|",230.098,0.003,10.0
FG-4592,"CC1=NC(C(=O)NCC(O)=O)=C(O)C2=C1C=C(OC1=CC=CC=C1)C=C2 |c:13,21,23,26,t:1,10,16,19|",352.346,0.003,10.0
Regorafenib,"CNC(=O)C1=CC(OC2=CC(F)=C(NC(=O)NC3=CC=C(Cl)C(=C3)C(F)(F)F)C=C2)=CC=N1 |c:22,29,31,33,t:4,8,11,17,19|",482.821,0.003,10.0
Guanfacine,"NC(=N)NC(=O)CC1=C(Cl)C=CC=C1Cl |c:7,10,12|",246.097,0.003,10.0
Brexpiprazole,"O=C1NC2=C(C=C1)C=CC(OCCCCN1CCN(CC1)C1=C3C=CSC3=CC=C1)=C2 |c:3,5,8,23,25,29,31,33|",433.57700000000006,0.003,10.0
methazolamide,CN1N=C(SC1=NC(C)=O)S(N)(=O)=O |c:2|,236.278,0.003,10.0
Nilutamide,"CC1(C)NC(=O)N(C1=O)C1=CC(=C(C=C1)[N+]([O-])=O)C(F)(F)F |c:12,14,t:10|",317.223,0.003,10.0
Dichlorphenamide,"NS(=O)(=O)C1=CC(Cl)=C(Cl)C(=C1)S(N)(=O)=O |c:10,t:4,7|",305.16400000000004,0.003,10.0
Acetazolamide,"CC(=O)NC1=NN=C(S1)S(N)(=O)=O |c:6,t:4|",222.251,0.003,10.0
Parecoxib,"CCC(=O)NS(=O)(=O)C1=CC=C(C=C1)C1=C(C)ON=C1C1=CC=CC=C1 |c:10,12,15,19,24,26,t:8,22|",370.43000000000006,0.003,10.0
maropitant,"COC1=C(CN[C@H]2C3CCN(CC3)[C@H]2C(C2=CC=CC=C2)C2=CC=CC=C2)C=C(C=C1)C(C)(C)C |a:6,13,r,c:2,19,21,26,28,31,33,t:17,24|",468.6850000000002,0.003,10.0
Risperidone,"CC1=C(CCN2CCC(CC2)C2=NOC3=C2C=CC(F)=C3)C(=O)N2CCCCC2=N1 |c:1,15,18,21,32,t:12|",410.4930000000002,0.003,10.0
Opicapone,"CC1=C(Cl)C(C)=[N+]([O-])C(Cl)=C1C1=NOC(=N1)C1=CC(=C(O)C(O)=C1)[N+]([O-])=O |c:1,9,15,24,t:5,12,18,20|",413.1730000000002,0.003,10.0
esomeprazole,"COC1=CC2=C(NC(=N2)[S@](=O)CC2=NC=C(C)C(OC)=C2C)C=C1 |a:9,r,c:7,20,24,t:2,4,13,15|",345.4240000000001,0.003,10.0
Clofibrate,"CCOC(=O)C(C)(C)OC1=CC=C(Cl)C=C1 |c:14,t:9,11|",242.702,0.003,10.0
Busulfan,CS(=O)(=O)OCCCCOS(C)(=O)=O,246.306,0.003,10.0
albuterol,"CC(C)(C)NC[C@H](O)C1=CC(CO)=C(O)C=C1 |&1:6,r,c:15,t:8,12|",239.315,0.003,10.0
epinastine,"NC1=NC[C@@H]2N1C1=C(CC3=C2C=CC=C3)C=CC=C1 |&1:4,r,c:7,10,13,15,18,20,t:1|",249.31700000000004,0.003,10.0
Fluphenazine,"OCCN1CCN(CCCN2C3=CC=CC=C3SC3=C2C=C(C=C3)C(F)(F)F)CC1 |c:13,15,19,22,24,t:11|",437.5310000000002,0.003,10.0
Fosaprepitant,"C[C@@H](O[C@H]1OCCN(CC2=NN(C(=O)N2)P(O)(O)=O)[C@H]1C1=CC=C(F)C=C1)C1=CC(=CC(=C1)C(F)(F)F)C(F)(F)F |c:27,32,34,t:9,22,24,30|",614.4110000000004,0.003,10.0
Alcaftadine,"CN1CCC(CC1)=C1C2=NC=C(C=O)N2CCC2=CC=CC=C12 |c:21,t:9,11,19,23|",307.397,0.003,10.0
Leflunomide,"CC1=C(C=NO1)C(=O)NC1=CC=C(C=C1)C(F)(F)F |c:3,12,14,t:1,10|",270.21,0.003,10.0
Olmesartan,"CCCC1=NC(=C(N1CC1=CC=C(C=C1)C1=CC=CC=C1C1=NN=NN1)C(O)=O)C(C)(C)O |c:5,12,14,19,21,26,t:3,10,17,24|",446.5110000000002,0.003,10.0
Almotriptan,"CN(C)CCC1=CNC2=CC=C(CS(=O)(=O)N3CCCC3)C=C12 |t:5,8,10,22|",335.4730000000002,0.003,10.0
Buspirone,"O=C1CC2(CCCC2)CC(=O)N1CCCCN1CCN(CC1)C1=NC=CC=N1 |c:27,29,t:25|",385.5120000000001,0.003,10.0
Tizanidine,"ClC1=C(NC2=NCCN2)C2=NSN=C2C=C1 |c:1,13,16,t:4,10|",253.718,0.003,10.0
dorzolamide,"CCN[C@@H]1C[C@H](C)S(=O)(=O)C2=C1C=C(S2)S(N)(=O)=O |a:3,5,r,c:10,13|",324.44900000000007,0.003,10.0
Methoxsalen,"COC1=C2OC=CC2=CC2=C1OC(=O)C=C2 |c:2,5,8,10,16|",216.19199999999995,0.003,10.0
iguratimod,"CS(=O)(=O)NC1=C(OC2=CC=CC=C2)C=C2C(=O)C(NC=O)=COC2=C1 |c:5,10,12,22,26,t:8,15|",374.37400000000014,0.003,10.0
BMS-777607,"CCOC1=C(C(=O)NC2=CC=C(OC3=CC=NC(N)=C3Cl)C(F)=C2)C(=O)N(C=C1)C1=CC=C(F)C=C1 |c:3,15,18,23,29,37,t:8,10,13,32,34|",512.9000000000002,0.003,10.0
Fesoterodine,"CC(C)N(CC[C@H](C1=CC=CC=C1)C1=C(OC(=O)C(C)C)C=CC(CO)=C1)C(C)C |c:9,11,14,22,26,t:7|",411.5860000000002,0.003,10.0
Clomipramine,"CN(C)CCCN1C2=C(CCC3=C1C=C(Cl)C=C3)C=CC=C2 |c:7,11,17,20,22,t:14|",314.86,0.003,10.0
Pazopanib,"CN(C1=CC2=NN(C)C(C)=C2C=C1)C1=NC(NC2=CC=C(C)C(=C2)S(N)(=O)=O)=NC=C1 |c:9,12,24,30,32,t:2,4,15,19,21|",437.52900000000017,0.003,10.0
Methicillin,"COC1=CC=CC(OC)=C1C(=O)N[C@H]1[C@H]2SC(C)(C)[C@@H](N2C1=O)C(O)=O |c:4,8,t:2|",380.42200000000014,0.003,10.0
Tazarotene,"CCOC(=O)C1=CN=C(C=C1)C#CC1=CC2=C(SCCC2(C)C)C=C1 |c:7,9,25,t:5,14,16|",351.4710000000002,0.003,10.0
Cyclobenzaprine,"CN(C)CCC=C1C2=C(C=CC=C2)C=CC2=C1C=CC=C2 |c:9,11,14,16,19,21,t:7|",275.39500000000004,0.003,10.0
NS-304,"CC(C)N(CCCCOCC(=O)NS(C)(=O)=O)C1=NC(C2=CC=CC=C2)=C(N=C1)C1=CC=CC=C1 |c:22,24,26,28,33,35,t:17,20,31|",496.6330000000002,0.003,10.0
moracizine,"CCOC(=O)NC1=CC2=C(SC3=C(C=CC=C3)N2C(=O)CCN2CCOCC2)C=C1 |c:13,15,31,t:6,8,11|",427.5260000000004,0.003,10.0
Telotristat,"CCOC(=O)[C@@H](N)CC1=CC=C(C=C1)C1=CC(O[C@H](C2=CC=C(Cl)C=C2N2C=CC(C)=N2)C(F)(F)F)=NC(N)=N1 |c:10,12,25,29,32,38,41,t:8,15,20,22|",574.991,0.003,10.0
Vilazodone,"NC(=O)C1=CC2=C(O1)C=CC(=C2)N1CCN(CCCCC2=CNC3=C2C=C(C=C3)C#N)CC1 |c:5,9,11,25,28,30,t:3,22|",441.53500000000025,0.003,10.0
tepoxalin,"COC1=CC=C(C=C1)N1N=C(CCC(=O)N(C)O)C=C1C1=CC=C(Cl)C=C1 |c:4,6,19,27,t:2,10,22,24|",385.851,0.003,10.0
cefmenoxime,"CO\N=C(\C(=O)NC1C2SCC(CSC3=NN=NN3C)=C(N2C1=O)C(O)=O)C1=CSC(N)=N1 |c:16,20,34,t:14,30|",511.5710000000002,0.003,10.0
Nepafenac,"NC(=O)CC1=CC=CC(C(=O)C2=CC=CC=C2)=C1N |c:6,13,15,17,t:4,11|",254.289,0.003,10.0
Fenofibrate,"CC(C)OC(=O)C(C)(C)OC1=CC=C(C=C1)C(=O)C1=CC=C(Cl)C=C1 |c:12,14,24,t:10,19,21|",360.837,0.003,10.0
Tolcapone,"CC1=CC=C(C=C1)C(=O)C1=CC(O)=C(O)C(=C1)[N+]([O-])=O |c:3,5,16,t:1,10,13|",273.244,0.003,10.0
Eletriptan,"CN1CCC[C@@H]1CC1=CNC2=C1C=C(CCS(=O)(=O)C1=CC=CC=C1)C=C2 |c:11,23,25,28,t:8,14,21|",382.52900000000005,0.003,10.0
Dibucaine,"CCCCOC1=CC(C(=O)NCCN(CC)CC)=C2C=CC=CC2=N1 |c:19,21,24,t:5,17|",343.471,0.003,10.0
Dronedarone,"CCCCN(CCCC)CCCOC1=CC=C(C=C1)C(=O)C1=C(CCCC)OC2=CC=C(NS(C)(=O)=O)C=C12 |c:15,17,22,t:13,29,31,38|",556.7690000000002,0.003,10.0
Iloperidone,"COC1=C(OCCCN2CCC(CC2)C2=NOC3=C2C=CC(F)=C3)C=CC(=C1)C(C)=O |c:2,18,21,24,27,29,t:15|",426.4880000000001,0.003,10.0
Pyrilamine,"COC1=CC=C(CN(CCN(C)C)C2=CC=CC=N2)C=C1 |c:15,17,20,t:2,4,13|",285.391,0.003,10.0
Difloxacin,"CN1CCN(CC1)C1=C(F)C=C2C(=C1)N(C=C(C(O)=O)C2=O)C1=CC=C(F)C=C1 |c:8,11,13,30,t:17,25,27|",399.3970000000001,0.003,10.0
Lesinurad,"[O-]C(=O)CSC1=NN=C(Br)N1C1=C2C=CC=CC2=C(C=C1)C1CC1 |c:12,14,16,19,21,t:5,7|",403.2810000000002,0.003,10.0
Tirofiban Hydrochloride,"CCCCS(=O)(=O)N[C@@H](CC1=CC=C(OCCCCC2CCNCC2)C=C1)C(O)=O |r,c:26,t:10,12|",440.6060000000003,0.003,10.0
Glipizide,"CC1=NC=C(N=C1)C(=O)NCCC1=CC=C(C=C1)S(=O)(=O)NC(=O)NC1CCCCC1 |c:3,5,15,17,t:1,13|",445.5450000000002,0.003,10.0
AZD2014,"CNC(=O)C1=CC=CC(=C1)C1=CC=C2C(N=C(N=C2N2CCOC[C@@H]2C)N2CCOC[C@@H]2C)=N1 |c:6,8,13,16,18,36,t:4,11|",462.5540000000004,0.003,10.0
Golvatinib,"CN1CCN(CC1)C1CCN(CC1)C(=O)NC1=NC=CC(OC2=CC(F)=C(NC(=O)C3(CC3)C(=O)NC3=CC=C(F)C=C3)C=C2)=C1 |c:20,44,47,49,t:18,24,27,39,41|",633.7000000000004,0.003,10.0
Gedatolisib,"CN(C)C1CCN(CC1)C(=O)C1=CC=C(NC(=O)NC2=CC=C(C=C2)C2=NC(=NC(=N2)N2CCOCC2)N2CCOCC2)C=C1 |c:22,24,29,31,48,t:12,14,20,27|",615.739,0.003,10.0
Testosterone Enanthate,"[H][C@@]12CC[C@H](OC(=O)CCCCCC)[C@@]1(C)CC[C@@]1([H])[C@@]2([H])CCC2=CC(=O)CC[C@]12C |r,t:26|",400.6030000000002,0.003,10.0
Ponatinib,"CN1CCN(CC2=C(C=C(NC(=O)C3=CC(C#CC4=CN=C5C=CC=NN45)=C(C)C=C3)C=C2)C(F)(F)F)CC1 |c:22,24,31,34,t:6,8,13,18,20,28|",532.5699999999999,0.003,10.0
Didanosine,"OC[C@@H]1CC[C@@H](O1)N1C=NC2=C1N=CNC2=O |c:9,11,14|",236.231,0.003,10.0
Abacavir hemisulfate,"NC1=NC(NC2CC2)=C2N=CN(C3C[C@H](CO)C=C3)C2=N1 |c:10,18,22,t:1,8|",286.339,0.003,10.0
Baricitinib,"CCS(=O)(=O)N1CC(CC#N)(C1)N1C=C(C=N1)C1=C2C=CNC2=NC=N1 |c:14,16,19,21,25,27|",371.426,0.003,10.0
Enoximone,"CSC1=CC=C(C=C1)C(=O)C1=C(C)NC(=O)N1 |c:4,6,11,t:2|",248.307,0.003,10.0
Amisulpride,"CCN1CCCC1CNC(=O)C1=CC(=C(N)C=C1OC)S(=O)(=O)CC |c:17,t:12,14|",369.48700000000014,0.003,10.0
Olsalazine,"OC1=CC=C(C=C1C([O-])=O)\N=N\C1=CC=C(O)C(=C1)C([O-])=O |c:3,5,18,t:1,13,15|",300.22600000000006,0.003,10.0
buclizine,"CC(C)(C)C1=CC=C(CN2CCN(CC2)C(C2=CC=CC=C2)C2=CC=C(Cl)C=C2)C=C1 |c:19,21,29,32,t:4,6,17,24,26|",433.039,0.003,10.0
methsuximide,"CN1C(=O)CC(C)(C1=O)C1=CC=CC=C1 |c:12,14,t:10|",203.241,0.003,10.0
Milnacipran,"CCN(CC)C(=O)[C@@]1(C[C@@H]1CN)C1=CC=CC=C1 |c:15,17,t:13|",246.354,0.003,10.0
CH5424802,"CCC1=C(C=C2C(=C1)C(=O)C1=C(NC3=C1C=CC(=C3)C#N)C2(C)C)N1CCC(CC1)N1CCOCC1 |c:4,6,14,17,19,t:2,11|",482.6280000000005,0.003,10.0
GDC-0032,"CC(C)N1N=C(C)N=C1C1=CN2CCOC3=C(C=CC(=C3)C3=CN(N=C3)C(C)(C)C(N)=O)C2=N1 |c:7,18,20,26,36,t:4,10,16,23|",460.5420000000002,0.003,10.0
Carbamazepine,"NC(=O)N1C2=C(C=CC=C2)C=CC2=C1C=CC=C2 |c:6,8,11,13,16,18,t:4|",236.274,0.003,10.0
guanadrel,NC(=N)NCC1COC2(CCCCC2)O1,213.28099999999992,0.003,10.0
Olaparib,"FC1=C(C=C(CC2=NNC(=O)C3=C2C=CC=C3)C=C1)C(=O)N1CCN(CC1)C(=O)C1CC1 |c:11,14,16,19,t:1,3,6|",434.4710000000004,0.003,10.0
tedizolid,"CN1N=NC(=N1)C1=NC=C(C=C1)C1=C(F)C=C(C=C1)N1C[C@H](CO)OC1=O |a:21,r,c:2,4,9,11,14,17,19,t:7|",370.34400000000016,0.003,10.0
Amifampridine,"NC1=C(N)C=NC=C1 |c:1,4,6|",109.13199999999998,0.003,10.0
Etodolac,"CCC1=CC=CC2=C1NC1=C2CCO[C@@]1(CC)CC(O)=O |c:4,6,10,t:2|",287.3589999999999,0.003,10.0
Gemfibrozil,"CC1=CC(OCCCC(C)(C)C(O)=O)=C(C)C=C1 |c:16,t:1,13|",250.338,0.003,10.0
Darifenacin,"NC(=O)C([C@@H]1CCN(CCC2=CC=C3OCCC3=C2)C1)(C1=CC=CC=C1)C1=CC=CC=C1 |c:18,25,27,32,34,t:10,12,23,30|",426.5600000000001,0.003,10.0
Mesalamine,"NC1=CC=C(O)C(=C1)C(O)=O |c:6,t:1,3|",153.137,0.003,10.0
Apatinib,"O=C(NC1=CC=C(C=C1)C1(CCCC1)C#N)C1=CC=CN=C1NCC1=CC=NC=C1 |c:5,7,20,22,29,31,t:3,18,27|",397.482,0.003,10.0
alclofenac,"OC(=O)CC1=CC(Cl)=C(OCC=C)C=C1 |c:13,t:4,7|",226.659,0.003,10.0
telotristat,"CC1=NN(C=C1)C1=C(C=CC(Cl)=C1)[C@@H](OC1=NC(N)=NC(=C1)C1=CC=C(C[C@H](N)C(O)=O)C=C1)C(F)(F)F |a:13,27,r,c:4,9,12,20,22,35,t:1,7,17,25,27|",546.9370000000004,0.003,10.0
Tinidazole,"CCS(=O)(=O)CCN1C(C)=NC=C1[N+]([O-])=O |c:9,11|",247.276,0.003,10.0
eflornithine,"NCCC[C@](N)(C(F)F)C(O)=O |&1:4,r|",182.17,0.003,10.0
doxepin,"CN(C)CC\C=C1\C2=C(COC3=C1C=CC=C3)C=CC=C2 |c:7,11,14,16,19,21|",279.383,0.003,10.0
Dabrafenib,"CC(C)(C)C1=NC(=C(S1)C1=NC(N)=NC=C1)C1=C(F)C(NS(=O)(=O)C2=C(F)C=CC=C2F)=CC=C1 |c:6,13,15,18,26,29,31,34,36,t:4,10|",519.5740000000002,0.003,10.0
Riociguat,"COC(=O)N(C)C1=C(N)N=C(N=C1N)C1=NN(CC2=CC=CC=C2F)C2=NC=CC=C12 |c:6,9,11,21,23,29,t:15,19,27,31|",422.4240000000001,0.003,10.0
GDC-0084,"CC1(C)OCCN2C1=NC1=C2N=C(N=C1N1CCOCC1)C1=CN=C(N)N=C1 |c:10,13,15,30,t:8,25,27|",382.42800000000017,0.003,10.0
Levosimendan,"C[C@@H]1CC(=O)NN=C1C1=CC=C(NN=C(C#N)C#N)C=C1 |c:6,20,t:9,11|",280.291,0.003,10.0
Irbesartan,"CCCCC1=NC2(CCCC2)C(=O)N1CC1=CC=C(C=C1)C1=C(C=CC=C1)C1=NN=NN1 |c:19,21,26,28,33,t:4,17,24,31|",428.5400000000001,0.003,10.0
Neostigmine,"CN(C)C(=O)OC1=CC(=CC=C1)[N+](C)(C)C |c:8,10,t:6|",223.296,0.003,10.0
oxiconazole,"ClC1=CC(Cl)=C(CO\N=C(/CN2C=CN=C2)C2=C(Cl)C=C(Cl)C=C2)C=C1 |c:12,14,17,23,26,t:1,4,20|",429.1340000000001,0.003,10.0
Aztreonam,"C[C@@H]1[C@H](NC(=O)C(=N/OC(C)(C)C(O)=O)\C2=CSC(N)=N2)C(=O)N1S(O)(=O)=O |c:19,t:15|",435.44000000000017,0.003,10.0
Pexidartinib,"FC(F)(F)C1=NC=C(CNC2=NC=C(CC3=CNC4=NC=C(Cl)C=C34)C=C2)C=C1 |c:27,30,t:4,6,10,12,15,18,20,23|",417.82200000000006,0.003,10.0
finafloxacin,"OC(=O)C1=CN(C2CC2)C2=C(C#N)C(N3C[C@@H]4NCCO[C@H]4C3)=C(F)C=C2C1=O |a:16,21,r,c:10,28,t:3,25|",398.3940000000002,0.003,10.0
Acemetacin,"COC1=CC2=C(C=C1)N(C(=O)C1=CC=C(Cl)C=C1)C(C)=C2CC(=O)OCC(O)=O |c:4,6,17,21,t:2,12,14|",415.8290000000003,0.003,10.0
Doxepin,"CN(C)CC\C=C1/C2=C(COC3=C1C=CC=C3)C=CC=C2 |c:7,11,14,16,19,21|",279.383,0.003,10.0
Bezafibrate,"CC(C)(OC1=CC=C(CCNC(=O)C2=CC=C(Cl)C=C2)C=C1)C(O)=O |c:18,21,t:4,6,13,15|",361.8250000000001,0.003,10.0
Brimonidine,"BrC1=C2N=CC=NC2=CC=C1NC1=NCCN1 |c:1,3,5,8,10,t:14|",292.1400000000001,0.003,10.0
Etoricoxib,"CC1=NC=C(C=C1)C1=NC=C(Cl)C=C1C1=CC=C(C=C1)S(C)(=O)=O |c:3,5,13,18,20,t:1,8,10,16|",358.8500000000001,0.003,10.0
thiothixene,"CN(C)S(=O)(=O)C1=CC2=C(SC3=C(C=CC=C3)\C2=C/CCN2CCN(C)CC2)C=C1 |c:13,15,31,t:6,8,11|",443.6380000000003,0.003,10.0
GSK2982772,"CN1C2=CC=CC=C2OC[C@H](NC(=O)C2=NNC(CC3=CC=CC=C3)=N2)C1=O |r,c:4,6,22,24,26,t:2,15,20|",377.4040000000001,0.003,10.0
MEK162,"CN1C=NC2=C1C=C(C(=O)NOCCO)C(NC1=C(F)C=C(Br)C=C1)=C2F |c:2,4,18,24,26,t:7,21|",441.232,0.003,10.0
Metamizole,"CN(CS([O-])(=O)=O)C1=C(C)N(C)N(C1=O)C1=CC=CC=C1 |c:7,18,20,t:16|",310.355,0.003,10.0
Vorinostat,"ONC(=O)CCCCCCC(=O)NC1=CC=CC=C1 |c:15,17,t:13|",264.325,0.003,10.0
cleviprex,"CCCC(=O)OCOC(=O)C1=C(C)NC(C)=C([C@@H]1C1=CC=CC(Cl)=C1Cl)C(=O)OC |&1:17,r,c:10,15,21,24,t:19|",456.3220000000002,0.003,10.0
Rupatadine,"CC1=CN=CC(CN2CCC(CC2)=C2C3=CC=C(Cl)C=C3CCC3=CC=CN=C23)=C1 |c:3,20,27,32,t:1,15,17,25,29|",415.9680000000002,0.003,10.0
BMS-794833,"NC1=NC=CC(OC2=CC=C(NC(=O)C3=CNC=C(C3=O)C3=CC=C(F)C=C3)C=C2F)=C1Cl |c:3,17,27,30,33,t:1,7,9,14,22,24|",468.8470000000001,0.003,10.0
Oxcarbazepine,"NC(=O)N1C2=C(CC(=O)C3=C1C=CC=C3)C=CC=C2 |c:4,9,12,14,17,19|",252.273,0.003,10.0
Bromopride,"CCN(CC)CCNC(=O)C1=CC(Br)=C(N)C=C1OC |c:16,t:10,13|",344.2530000000001,0.003,10.0
LDE225,"C[C@H]1CN(C[C@@H](C)O1)C1=CC=C(NC(=O)C2=C(C)C(=CC=C2)C2=CC=C(OC(F)(F)F)C=C2)C=N1 |c:16,19,21,33,36,t:9,11,24,26|",485.5060000000001,0.003,10.0
Cilostazol,"O=C1CCC2=C(N1)C=CC(OCCCCC1=NN=NN1C1CCCCC1)=C2 |c:4,8,18,28,t:16|",369.46900000000016,0.003,10.0
Perphenazine,"OCCN1CCN(CCCN2C3=CC=CC=C3SC3=C2C=C(Cl)C=C3)CC1 |c:13,15,19,25,t:11,22|",403.97900000000016,0.003,10.0
toloxatone,"CC1=CC=CC(=C1)N1CC(CO)OC1=O |c:3,5,t:1|",207.229,0.003,10.0
Entrectinib,"CN1CCN(CC1)C1=CC(NC2CCOCC2)=C(C=C1)C(=O)NC1=NNC2=C1C=C(CC1=CC(F)=CC(F)=C1)C=C2 |c:18,20,29,38,41,44,t:8,26,32,35|",560.6490000000002,0.003,10.0
LY2157299,"CC1=CC=CC(=N1)C1=NN2CCCC2=C1C1=CC=NC2=C1C=C(C=C2)C(N)=O |c:3,5,15,20,22,25,27,t:1,8,18|",369.4280000000001,0.003,10.0
fadrozole,"N#CC1=CC=C(C=C1)C1CCCC2=CN=CN12 |c:4,6,15,t:2,13|",223.27899999999997,0.003,10.0
hydroflumethiazide,"NS(=O)(=O)C1=CC2=C(NCNS2(=O)=O)C=C1C(F)(F)F |c:15,t:4,6|",331.297,0.003,10.0
paricalcitol,"C[C@H](\C=C\[C@H](C)C(C)(C)O)[C@H]1CC[C@H]2\C(CCC[C@]12C)=C\C=C1C[C@@H](O)C[C@H](O)C1 |a:1,4,10,13,18,24,27,r|",416.6460000000002,0.003,10.0
Dofetilide,"CN(CCOC1=CC=C(NS(C)(=O)=O)C=C1)CCC1=CC=C(NS(C)(=O)=O)C=C1 |c:14,28,t:5,7,19,21|",441.57500000000016,0.003,10.0
Pargyline,"CN(CC#C)CC1=CC=CC=C1 |c:8,10,t:6|",159.232,0.003,10.0
Dapoxetine,"CN(C)[C@@H](CCOC1=C2C=CC=CC2=CC=C1)C1=CC=CC=C1 |c:7,9,11,14,16,21,23,t:19|",305.42100000000005,0.003,10.0
Gallamine,"CC[N+](CC)(CC)CCOC1=CC=CC(OCC[N+](CC)(CC)CC)=C1OCC[N+](CC)(CC)CC |c:12,24,t:10|",510.8280000000005,0.003,10.0
aztreonam,"C[C@H]1[C@H](NC(=O)C(=N/OC(C)(C)C(O)=O)\C2=CSC(N)=N2)C(=O)N1S(O)(=O)=O |a:1,2,r,c:19,t:15|",435.44000000000017,0.003,10.0
AZD8330,"CN1C(=O)C(C)=CC(C(=O)NOCCO)=C1NC1=C(F)C=C(I)C=C1 |c:5,14,18,24,t:21|",461.231,0.003,10.0
Ambrisentan,"COC([C@H](OC1=NC(C)=CC(C)=N1)C(O)=O)(C1=CC=CC=C1)C1=CC=CC=C1 |c:8,11,19,21,26,28,t:5,17,24|",378.42800000000005,0.003,10.0
Cabazitaxel,"[H][C@@]12C[C@@H](OC)[C@@]3(C)C(=O)[C@H](OC)C4=C(C)[C@H](C[C@](O)([C@H](OC(=O)C5=CC=CC=C5)[C@]3([H])[C@@]1(CO2)OC(C)=O)C4(C)C)OC(=O)[C@H](O)[C@@H](NC(=O)OC(C)(C)C)C1=CC=CC=C1 |c:13,26,28,63,65,t:24,61|",835.9440000000001,0.003,10.0
dasabuvir,"COC1=C(C=C(C=C1C(C)(C)C)N1C=CC(=O)NC1=O)C1=CC=C2C=C(NS(C)(=O)=O)C=CC2=C1 |c:4,6,14,33,36,t:2,22,24,26|",493.5850000000002,0.003,10.0
Imipramine,"CN(C)CCCN1C2=CC=CC=C2CCC2=CC=CC=C12 |c:9,11,18,t:7,16,20|",280.415,0.003,10.0
Efavirenz,"FC(F)(F)[C@]1(OC(=O)NC2=C1C=C(Cl)C=C2)C#CC1CC1 |c:9,15,t:12|",315.6780000000001,0.003,10.0
Azatadine,"CN1CCC(CC1)=C1C2=CC=CC=C2CCC2=CC=CN=C12 |c:11,13,20,t:9,18,22|",290.41,0.003,10.0
Azelnidipine,"CC(C)OC(=O)C1=C(C)NC(N)=C(C1C1=CC=CC(=C1)[N+]([O-])=O)C(=O)OC1CN(C1)C(C1=CC=CC=C1)C1=CC=CC=C1 |c:6,11,17,19,36,38,43,45,t:15,34,41|",582.6570000000003,0.003,10.0
Sulfadoxine,"COC1=NC=NC(NS(=O)(=O)C2=CC=C(N)C=C2)=C1OC |c:4,16,18,t:2,11,13|",310.33500000000004,0.003,10.0
Tasimelteon,"[H][C@@]1(CNC(=O)CC)C[C@@]1([H])C1=C2CCOC2=CC=C1 |c:12,18,20|",245.322,0.003,10.0
Butenafine,"CN(CC1=CC=C(C=C1)C(C)(C)C)CC1=C2C=CC=CC2=CC=C1 |c:5,7,15,17,19,22,24,t:3|",317.476,0.003,10.0
Mycophenolic acid,"COC1=C(C)C2=C(C(=O)OC2)C(O)=C1C\C=C(/C)CCC(O)=O |c:2,13,t:5|",320.34100000000007,0.003,10.0
Conivaptan,"CC1=NC2=C(N1)C1=C(C=CC=C1)N(CC2)C(=O)C1=CC=C(NC(=O)C2=C(C=CC=C2)C2=CC=CC=C2)C=C1 |c:3,9,11,29,31,36,38,41,t:1,7,20,22,27,34|",498.5860000000001,0.003,10.0
Enasidenib,"CC(C)(O)CNC1=NC(=NC(NC2=CC(=NC=C2)C(F)(F)F)=N1)C1=NC(=CC=C1)C(F)(F)F |c:8,14,16,22,27,29,t:6,12,25|",473.3810000000001,0.003,10.0
brigatinib,"COC1=C(NC2=NC(NC3=C(C=CC=C3)P(C)(C)=O)=C(Cl)C=N2)C=CC(=C1)N1CCC(CC1)N1CCN(C)CC1 |c:2,11,13,22,25,27,t:5,9,19|",584.105,0.003,10.0
Retigabine,"CCOC(=O)NC1=CC=C(NCC2=CC=C(F)C=C2)C=C1N |c:17,20,t:6,8,12,14|",303.33700000000005,0.003,10.0
ramatroban,"OC(=O)CCN1C2=C(C[C@@H](CC2)NS(=O)(=O)C2=CC=C(F)C=C2)C2=C1C=CC=C2 |a:9,r,c:22,25,28,30,t:6,17,19|",416.4740000000001,0.003,10.0
Phenylbutyrate,"[O-]C(=O)CCCC1=CC=CC=C1 |c:8,10,t:6|",163.196,0.003,10.0
Valdecoxib,"CC1=C(C(=NO1)C1=CC=CC=C1)C1=CC=C(C=C1)S(N)(=O)=O |c:3,9,11,16,18,t:1,7,14|",314.3660000000001,0.003,10.0
Pentoxifylline,"CN1C=NC2=C1C(=O)N(CCCCC(C)=O)C(=O)N2C |c:2,4|",278.31199999999995,0.003,10.0
Nabumetone,"COC1=CC=C2C=C(CCC(C)=O)C=CC2=C1 |c:13,16,t:2,4,6|",228.291,0.003,10.0
Bendamustine,"CN1C(CCCC(O)=O)=NC2=CC(=CC=C12)N(CCCl)CCCl |c:8,12,t:10,14|",358.2690000000001,0.003,10.0
Cerdulatinib,"CCS(=O)(=O)N1CCN(CC1)C1=CC=C(NC2=NC=C(C(N)=O)C(NC3CC3)=N2)C=C1 |c:29,32,t:12,14,17,19|",445.5490000000002,0.003,10.0
ambenonium,"CC[N+](CC)(CCNC(=O)C(=O)NCC[N+](CC)(CC)CC1=C(Cl)C=CC=C1)CC1=C(Cl)C=CC=C1 |c:21,24,26,30,33,35|",537.5760000000002,0.003,10.0
Dapsone,"NC1=CC=C(C=C1)S(=O)(=O)C1=CC=C(N)C=C1 |c:3,5,16,t:1,11,13|",248.307,0.003,10.0
ertugliflozin,"CCOC1=CC=C(CC2=C(Cl)C=CC(=C2)[C@@]23OC[C@@](CO)(O2)[C@@H](O)[C@H](O)[C@H]3O)C=C1 |a:15,18,22,24,26,r,c:8,11,13,31,t:3,5|",436.88800000000015,0.003,10.0
Glimepiride,"CCC1=C(C)CN(C(=O)NCCC2=CC=C(C=C2)S(=O)(=O)NC(=O)N[C@H]2CC[C@H](C)CC2)C1=O |r,c:2,14,16,t:12|",490.6260000000003,0.003,10.0
tavaborole,"OB1OCC2=C1C=CC(F)=C2 |c:4,7,10|",151.933,0.003,10.0
Chlorzoxazone,"ClC1=CC2=C(OC(=O)N2)C=C1 |c:10,t:1,3|",169.567,0.003,10.0
GSK1059615,"O=C1NC(=O)\C(S1)=C\C1=CC=C2N=CC=C(C3=CC=NC=C3)C2=C1 |c:13,19,21,25,t:9,11,15,17|",333.37200000000007,0.003,10.0
prasugrel,"CC(=O)OC1=CC2=C(CCN(C2)[C@@H](C(=O)C2CC2)C2=C(F)C=CC=C2)S1 |&1:12,r,c:20,23,25,t:4,6|",373.449,0.003,10.0
Ondansetron,"CN1C2=C(C3=CC=CC=C13)C(=O)C(CN1C=CN=C1C)CC2 |c:2,6,17,19,t:4,8|",293.37000000000006,0.003,10.0
firocoxib,"CC1(C)OC(=O)C(OCC2CC2)=C1C1=CC=C(C=C1)S(C)(=O)=O |c:12,17,19,t:15|",336.40900000000005,0.003,10.0
Primidone,"CCC1(C(=O)NCNC1=O)C1=CC=CC=C1 |c:13,15,t:11|",218.256,0.003,10.0
SNS-032,"CC(C)(C)C1=CN=C(CSC2=CN=C(NC(=O)C3CCNCC3)S2)O1 |t:4,6,10,12|",380.53900000000016,0.003,10.0
AZD1080,"OC1=C(C2=CC(=CC=C2N1)C#N)C1=CC=C(CN2CCOCC2)C=N1 |c:5,7,26,t:1,3,14,16|",334.3790000000001,0.003,10.0
Triclosan,"OC1=CC(Cl)=CC=C1OC1=CC=C(Cl)C=C1Cl |c:4,6,15,t:1,10,12|",289.545,0.003,10.0
faropenem-medoxomil,"C[C@@H](O)[C@@H]1[C@H]2SC([C@H]3CCCO3)=C(N2C1=O)C(=O)OCC1=C(C)OC(=O)O1 |a:1,3,4,7,r,c:12,23|",397.4050000000002,0.003,10.0
Desipramine,"CNCCCN1C2=CC=CC=C2CCC2=CC=CC=C12 |c:8,10,17,t:6,15,19|",266.388,0.003,10.0
Milrinone,"CC1=C(C=C(C#N)C(=O)N1)C1=CC=NC=C1 |c:13,15,t:1,3,11|",211.224,0.003,10.0
gabapentin-enacarbil,CC(C)C(=O)OC(C)OC(=O)NCC1(CC(O)=O)CCCCC1,329.3930000000002,0.003,10.0
eszopiclone,"CN1CCN(CC1)C(=O)O[C@@H]1N(C(=O)C2=C1N=CC=N2)C1=NC=C(Cl)C=C1 |a:10,r,c:15,18,20,28,t:23,25|",388.81500000000005,0.003,10.0
Moclobemide,"ClC1=CC=C(C=C1)C(=O)NCCN1CCOCC1 |c:3,5,t:1|",268.744,0.003,10.0
CH5183284,"CC1=NC2=C(N1)C=C(C=C2)N1N=CC(C(=O)C2=CC3=CC=CC=C3N2)=C1N |c:3,7,9,13,22,24,28,t:1,18,20|",356.38900000000007,0.003,10.0
Adrucil,FC1=CNC(=O)NC1=O |t:1|,130.078,0.003,10.0
Betrixaban,"COC1=CC=C(NC(=O)C2=CC=C(C=C2)C(=N)N(C)C)C(=C1)C(=O)NC1=NC=C(Cl)C=C1 |c:11,13,21,32,t:2,4,9,27,29|",451.9140000000002,0.003,10.0
Motolimod,"CCCN(CCC)C(=O)C1=CC2=CC=C(C=C2N=C(N)C1)C1=CC=C(C=C1)C(=O)N1CCCC1 |c:13,15,25,27,t:9,11,18,23|",458.60600000000034,0.003,10.0
Dicyclomine,CCN(CC)CCOC(=O)C1(CCCCC1)C1CCCCC1,309.4940000000001,0.003,10.0
Macitentan,"CCCNS(=O)(=O)NC1=NC=NC(OCCOC2=NC=C(Br)C=N2)=C1C1=CC=C(Br)C=C1 |c:10,22,24,32,t:8,17,19,27,29|",588.2820000000002,0.003,10.0
Desloratadine,"ClC1=CC2=C(C=C1)C(=C1CCNCC1)C1=C(CC2)C=CC=N1 |c:3,5,16,21,23,t:1|",310.8279999999999,0.003,10.0
Ebastine,"CC(C)(C)C1=CC=C(C=C1)C(=O)CCCN1CCC(CC1)OC(C1=CC=CC=C1)C1=CC=CC=C1 |c:6,8,27,29,34,36,t:4,25,32|",469.6690000000001,0.003,10.0
Raloxifene,"OC1=CC=C(C=C1)C1=C(C(=O)C2=CC=C(OCCN3CCCCC3)C=C2)C2=C(S1)C=C(O)C=C2 |c:3,5,8,26,29,36,t:1,12,14,33|",473.5940000000003,0.003,10.0
Triflupromazine,"CN(C)CCCN1C2=CC=CC=C2SC2=C1C=C(C=C2)C(F)(F)F |c:9,11,15,18,20,t:7|",352.425,0.003,10.0
Bilastine,"CCOCCN1C(=NC2=CC=CC=C12)C1CCN(CCC2=CC=C(C=C2)C(C)(C)C(O)=O)CC1 |c:6,10,24,26,t:8,12,22|",463.6220000000004,0.003,10.0
IMD 0354,"OC1=C(C=C(Cl)C=C1)C(=O)NC1=CC(=CC(=C1)C(F)(F)F)C(F)(F)F |c:6,14,16,t:1,3,12|",383.675,0.003,10.0
Tafluprost,"[H][C@]1(C\C=C/CCCC(=O)OC(C)C)[C@@H](O)C[C@@H](O)[C@]1([H])\C=C\C(F)(F)COC1=CC=CC=C1 |c:31,33,t:29|",452.5380000000001,0.003,10.0
Resiquimod,"CCOCC1=NC2=C(N1CC(C)(C)O)C1=CC=CC=C1N=C2N |c:6,17,19,22,t:4,15|",314.38900000000007,0.003,10.0
Hexachlorophene,"OC1=C(CC2=C(Cl)C(Cl)=CC(Cl)=C2O)C(Cl)=C(Cl)C=C1Cl |c:1,4,8,11,19,t:16|",406.90700000000015,0.003,10.0
Sumatriptan,"CNS(=O)(=O)CC1=CC=C2NC=C(CCN(C)C)C2=C1 |c:19,t:6,8,11|",295.408,0.003,10.0
TH-302,"CN1C(COP(=O)(NCCBr)NCCBr)=CN=C1[N+]([O-])=O |c:14,16|",449.0400000000001,0.003,10.0
fluspirilene,"FC1=CC=C(C=C1)C(CCCN1CCC2(CC1)N(CNC2=O)C1=CC=CC=C1)C1=CC=C(F)C=C1 |c:3,5,27,29,37,t:1,25,32,34|",475.5830000000001,0.003,10.0
Anastrozole,"CC(C)(C#N)C1=CC(=CC(CN2C=NC=N2)=C1)C(C)(C)C#N |c:7,12,14,16,t:5|",293.374,0.003,10.0
nitrendipine,"CCOC(=O)C1=C(C)NC(C)=C([C@@H]1C1=CC=CC(=C1)[N+]([O-])=O)C(=O)OC |&1:12,r,c:5,10,16,18,t:14|",360.36600000000016,0.003,10.0
Desvenlafaxine,"CN(C)CC(C1=CC=C(O)C=C1)C1(O)CCCCC1 |c:10,t:5,7|",263.381,0.003,10.0
Famciclovir,"CC(=O)OCC(CCN1C=NC2=CN=C(N)N=C12)COC(C)=O |c:9,t:11,13,16|",321.33700000000016,0.003,10.0
Telmisartan,"CCCC1=NC2=C(C=C(C=C2C)C2=NC3=C(C=CC=C3)N2C)N1CC1=CC=C(C=C1)C1=CC=CC=C1C(O)=O |c:7,9,17,19,30,32,37,39,t:3,5,13,15,28,35|",514.6290000000002,0.003,10.0
Safinamide,"C[C@H](NCC1=CC=C(OCC2=CC(F)=CC=C2)C=C1)C(N)=O |c:13,15,18,t:4,6,10|",302.34900000000005,0.003,10.0
Butamben,"CCCCOC(=O)C1=CC=C(N)C=C1 |c:12,t:7,9|",193.246,0.003,10.0
Altretamine,"CN(C)C1=NC(=NC(=N1)N(C)C)N(C)C |c:5,7,t:3|",210.285,0.003,10.0
Nisoldipine,"COC(=O)C1=C(C)NC(C)=C(C1C1=CC=CC=C1[N+]([O-])=O)C(=O)OCC(C)C |c:4,9,15,17,t:13|",388.4200000000002,0.003,10.0
Melatonin,"COC1=CC2=C(NC=C2CCNC(C)=O)C=C1 |c:7,16,t:2,4|",232.283,0.003,10.0
alvimopan,"C[C@H]1CN(C[C@H](CC2=CC=CC=C2)C(=O)NCC(O)=O)CC[C@@]1(C)C1=CC(O)=CC=C1 |a:1,5,22,r,c:9,11,29,31,t:7,26|",424.5410000000002,0.003,10.0
CAL-101,"CC[C@H](NC1=C2N=CNC2=NC=N1)C1=NC2=CC=CC(F)=C2C(=O)N1C1=CC=CC=C1 |c:4,6,10,12,19,22,31,33,t:15,17,29|",415.4320000000001,0.003,10.0
Carbimazole,CCOC(=O)N1C=CN(C)C1=S |c:6|,186.236,0.003,10.0
tetraethylenepentamine,NCCNCCNCCNCCN,189.307,0.003,10.0
Aceclofenac,"OC(=O)COC(=O)CC1=CC=CC=C1NC1=C(Cl)C=CC=C1Cl |c:10,12,16,19,21,t:8|",354.1890000000001,0.003,10.0
Filgotinib,"O=C(NC1=NN2C(C=CC=C2C2=CC=C(CN3CCS(=O)(=O)CC3)C=C2)=N1)C1CC1 |c:7,9,26,28,t:3,12,14|",425.5140000000002,0.003,10.0
VX-661,"CC(C)(CO)C1=CC2=CC(NC(=O)C3(CC3)C3=CC=C4OC(F)(F)OC4=C3)=C(F)C=C2N1C[C@@H](O)CO |c:27,32,t:5,7,17,19,29|",520.5040000000002,0.003,10.0
Vemurafenib,"CCCS(=O)(=O)NC1=CC=C(F)C(C(=O)C2=CNC3=NC=C(C=C23)C2=CC=C(Cl)C=C2)=C1F |c:20,31,33,t:7,9,15,18,22,26,28|",489.93100000000015,0.003,10.0
hydroxyzine,"OCCOCCN1CCN(CC1)[C@@H](C1=CC=CC=C1)C1=CC=C(Cl)C=C1 |&1:12,r,c:16,18,26,t:14,21,23|",374.912,0.003,10.0
promazine,"CN(C)CCCN1C2=C(SC3=C1C=CC=C3)C=CC=C2 |c:7,10,13,15,18,20|",284.428,0.003,10.0
Rilpivirine,"CC1=CC(\C=C\C#N)=CC(C)=C1NC1=NC(NC2=CC=C(C=C2)C#N)=NC=C1 |c:7,10,20,22,26,28,t:1,14,18|",366.42800000000005,0.003,10.0
tetrabenazine,"COC1=CC2=C(C=C1OC)[C@@H]1CC(=O)[C@@H](CC(C)C)CN1CC2 |a:10,14,r,c:4,6,t:2|",317.4290000000001,0.003,10.0
BMS-927711,"N[C@H]1[C@@H](CC[C@@H](OC(=O)N2CCC(CC2)N2C(=O)NC3=C2C=CC=N3)C2=NC=CC=C12)C1=C(F)C(F)=CC=C1 |c:20,23,25,30,36,40,42,t:28,32|",534.5670000000001,0.003,10.0
Imidafenacin,"CC1=NC=CN1CCC(C(N)=O)(C1=CC=CC=C1)C1=CC=CC=C1 |c:3,15,17,22,24,t:1,13,20|",319.408,0.003,10.0
amrinone,"NC1=CC(=CNC1=O)C1=CC=NC=C1 |c:3,11,13,t:1,9|",187.20200000000003,0.003,10.0
Palovarotene,"CC1(C)CCC(C)(C)C2=CC(\C=C\C3=CC=C(C=C3)C(O)=O)=C(CN3C=CC=N3)C=C12 |c:15,17,26,28,t:8,13,22,31|",414.5490000000002,0.003,10.0
Rotigotine,"CCCN(CCC1=CC=CS1)[C@H]1CCC2=C(C1)C=CC=C2O |c:8,15,19,21,t:6|",315.482,0.003,10.0
Apricitabine,"NC1=NC(=O)N(C=C1)[C@H]1CO[C@@H](CO)S1 |c:6,t:1|",229.261,0.003,10.0
Chlorhexidine,"ClC1=CC=C(NC(=N)NC(=N)NCCCCCCNC(=N)NC(=N)NC2=CC=C(Cl)C=C2)C=C1 |c:30,33,t:1,3,25,27|",505.4580000000001,0.003,10.0
Foretinib,"COC1=CC2=C(C=C1OCCCN1CCOCC1)N=CC=C2OC1=C(F)C=C(NC(=O)C2(CC2)C(=O)NC2=CC=C(F)C=C2)C=C1 |c:4,6,20,22,26,46,49,t:2,29,41,43|",632.6640000000002,0.003,10.0
nomegestrol-acetate,"CC(=O)O[C@@]1(CC[C@H]2[C@@H]3C=C(C)C4=CC(=O)CC[C@@H]4[C@H]3CC[C@]12C)C(C)=O |a:4,7,8,18,19,22,r,t:9,12|",370.48900000000015,0.003,10.0
Tecovirimat,"[H][C@]12C[C@@]1([H])[C@@]1([H])C=C[C@]2([H])[C@]2([H])C(=O)N(NC(=O)C3=CC=C(C=C3)C(F)(F)F)C(=O)[C@]12[H] |c:8,23,25,t:21|",376.33400000000006,0.003,10.0
Ciclesonide,"[H][C@@]12C[C@@]3([H])[C@]4([H])CCC5=CC(=O)C=C[C@]5(C)[C@@]4([H])[C@@H](O)C[C@]3(C)[C@@]1(O[C@@H](O2)C1CCCCC1)C(=O)COC(=O)C(C)C |c:13,t:9|",540.6970000000005,0.003,10.0
Carbetapentane,"CCN(CC)CCOCCOC(=O)C1(CCCC1)C1=CC=CC=C1 |c:21,23,t:19|",333.472,0.003,10.0
Deferasirox,"OC(=O)C1=CC=C(C=C1)N1N=C(N=C1C1=CC=CC=C1O)C1=CC=CC=C1O |c:5,7,11,13,18,20,26,28,t:3,16,24|",373.36800000000005,0.003,10.0
R406,"COC1=CC(NC2=NC(NC3=NC4=C(OC(C)(C)C(=O)N4)C=C3)=C(F)C=N2)=CC(OC)=C1OC |c:22,27,29,33,t:2,6,10,12,24|",470.4610000000002,0.003,10.0
pantoprazole,"COC1=C(OC)C(C[S@](=O)C2=NC3=C(N2)C=CC(OC(F)F)=C3)=NC=C1 |&1:8,r,c:2,12,16,22,24,26,t:10|",383.376,0.003,10.0
AMG-900,"CC1=CSC(=C1)C1=NN=C(NC2=CC=C(OC3=C(C=CC=N3)C3=NC(N)=NC=C3)C=C2)C2=C1C=CC=C2 |c:4,19,21,27,29,32,35,38,40,t:1,7,9,12,14,17,24|",503.5910000000002,0.003,10.0
OSI-930,"FC(F)(F)OC1=CC=C(NC(=O)C2=C(NCC3=CC=NC4=CC=CC=C34)C=CS2)C=C1 |c:12,18,22,28,32,t:5,7,16,20,24|",443.4500000000001,0.003,10.0
meclofenamic-acid,"CC1=CC=C(Cl)C(NC2=C(C=CC=C2)C(O)=O)=C1Cl |c:10,12,17,t:1,3,8|",296.153,0.003,10.0
cefuroxime,"CO\N=C(\C(=O)NC1C2SCC(COC(N)=O)=C(N2C1=O)C(O)=O)C1=CC=CO1 |c:16,28,t:26|",424.3910000000001,0.003,10.0
Dexlansoprazole,"CC1=C(C[S@@](=O)C2=NC3=C(N2)C=CC=C3)N=CC=C1OCC(F)(F)F |c:1,8,12,14,17,19,t:6|",369.3680000000001,0.003,10.0
Temozolomide,"CN1N=NC2=C(N=CN2C1=O)C(N)=O |c:2,6,t:4|",194.154,0.003,10.0
Acamprosate,CC(=O)NCCCS([O-])(=O)=O,180.205,0.003,10.0
GSK2126458,"COC1=NC=C(C=C1NS(=O)(=O)C1=CC=C(F)C=C1F)C1=CC=C2N=CC=C(C3=CC=NN=C3)C2=C1 |c:4,6,18,26,32,34,38,t:2,13,15,22,24,28,30|",505.50600000000014,0.003,10.0
acrivastine,"CC1=CC=C(C=C1)C(=C/CN1CCCC1)\C1=CC=CC(\C=C\C(O)=O)=N1 |c:3,5,19,26,t:1,17|",348.446,0.003,10.0
Edrophonium,"CC[N+](C)(C)C1=CC(O)=CC=C1 |c:8,10,t:5|",166.244,0.003,10.0
Tamibarotene,"CC1(C)CCC(C)(C)C2=C1C=CC(NC(=O)C1=CC=C(C=C1)C(O)=O)=C2 |c:8,11,19,21,26,t:17|",351.4460000000001,0.003,10.0
Cinoxacin,"CCN1N=C(C(O)=O)C(=O)C2=CC3=C(OCO3)C=C12 |t:3,10,12,18|",262.22099999999995,0.003,10.0
Aripiprazole,"ClC1=CC=CC(N2CCN(CCCCOC3=CC=C4CCC(=O)NC4=C3)CC2)=C1Cl |c:3,25,30,t:1,15,17|",448.3940000000002,0.003,10.0
Temsirolimus,"[H][C@]12CC[C@@H](C)[C@@](O)(O1)C(=O)C(=O)N1CCCC[C@@]1([H])C(=O)O[C@@H](CC(=O)[C@H](C)\C=C(C)\[C@@H](O)[C@@H](OC)C(=O)[C@H](C)C[C@H](C)\C=C\C=C\C=C(C)\[C@H](C2)OC)[C@H](C)C[C@@H]1CC[C@H](OC(=O)C(C)(CO)CO)[C@@H](C1)OC |c:31,50,t:46,48|",1030.3029999999997,0.003,10.0
Acyclovir,"NC1=NC2=C(N=CN2COCCO)C(=O)N1 |c:5,t:1,3|",225.208,0.003,10.0
acetophenazine,"CC(=O)C1=CC2=C(SC3=C(C=CC=C3)N2CCCN2CCN(CCO)CC2)C=C1 |c:10,12,30,t:3,5,8|",411.57100000000025,0.003,10.0
Efinaconazole,"C[C@@H](N1CCC(=C)CC1)[C@](O)(CN1C=NC=N1)C1=CC=C(F)C=C1F |c:14,16,24,t:19,21|",348.39700000000005,0.003,10.0
phenelzine,"NNCCC1=CC=CC=C1 |c:6,8,t:4|",136.19799999999998,0.003,10.0
clomethiazole,"CC1=C(CCCl)SC=N1 |c:1,7|",161.657,0.003,10.0
Amiodarone,"CCCCC1=C(C(=O)C2=CC(I)=C(OCCN(CC)CC)C(I)=C2)C2=C(O1)C=CC=C2 |c:4,22,25,29,31,t:8,11|",645.3190000000002,0.003,10.0
tiludronate,"OP(O)(=O)C(SC1=CC=C(Cl)C=C1)P(O)(O)=O |c:11,t:6,8|",318.61100000000005,0.003,10.0
Loperamide,"CN(C)C(=O)C(CCN1CCC(O)(CC1)C1=CC=C(Cl)C=C1)(C1=CC=CC=C1)C1=CC=CC=C1 |c:21,26,28,33,35,t:16,18,24,31|",477.0480000000001,0.003,10.0
viloxazine,"CCOC1=C(OCC2CNCCO2)C=CC=C1 |c:3,14,16|",237.299,0.003,10.0
fexofenadine,"CC(C)(C(O)=O)C1=CC=C(C=C1)[C@@H](O)CCCN1CCC(CC1)C(O)(C1=CC=CC=C1)C1=CC=CC=C1 |&1:12,r,c:8,10,29,31,36,38,t:6,27,34|",501.66700000000026,0.003,10.0
Ethoxzolamide,"CCOC1=CC2=C(C=C1)N=C(S2)S(N)(=O)=O |c:5,7,10,t:3|",258.324,0.003,10.0
fruquintinib,"CNC(=O)C1=C(C)OC2=C1C=CC(OC1=NC=NC3=CC(OC)=C(OC)C=C13)=C2 |c:4,8,11,17,30,t:15,19,23,27|",393.39900000000017,0.003,10.0
Ranitidine,"CN\C(NCCSCC1=CC=C(CN(C)C)O1)=C/[N+]([O-])=O |t:8,10|",314.411,0.003,10.0
Ulipristal,"[H][C@@]12CC[C@@](OC(C)=O)(C(C)=O)[C@@]1(C)C[C@H](C1=CC=C(C=C1)N(C)C)C1=C3CCC(=O)C=C3CC[C@@]21[H] |c:19,21,27,33,t:17|",475.6290000000004,0.003,10.0
Etravirine,"CC1=CC(=CC(C)=C1OC1=C(Br)C(N)=NC(NC2=CC=C(C=C2)C#N)=N1)C#N |c:3,6,10,14,20,22,26,t:1,18|",435.2850000000001,0.003,10.0
tafamidis-meglumine,"OC(=O)C1=CC2=C(C=C1)N=C(O2)C1=CC(Cl)=CC(Cl)=C1 |c:5,7,10,17,20,t:3,14|",308.12,0.003,10.0
Nilvadipine,"COC(=O)C1=C(NC(C)=C(C1C1=CC=CC(=C1)[N+]([O-])=O)C(=O)OC(C)C)C#N |c:8,14,16,t:4,12|",385.3760000000002,0.003,10.0
SN-38,"CCC1=C2CN3C(=CC4=C(COC(=O)[C@]4(O)CC)C3=O)C2=NC2=C1C=C(O)C=C2 |c:2,6,23,25,31,t:8,28|",392.4110000000001,0.003,10.0
Trametinib,"CN1C(=O)C(C)=C2N(C(=O)N(C3CC3)C(=O)C2=C1NC1=CC=C(I)C=C1F)C1=CC(NC(C)=O)=CC=C1 |c:18,27,37,39,t:5,22,24,31|",615.403,0.003,10.0
Fenofibric acid,"CC(C)(OC1=CC=C(C=C1)C(=O)C1=CC=C(Cl)C=C1)C(O)=O |c:6,8,18,t:4,13,15|",318.75600000000003,0.003,10.0
BGT226,"COC1=CC=C(C=N1)C1=CC=C2N=CC3=C(N(C(=O)N3C)C3=CC=C(N4CCNCC4)C(=C3)C(F)(F)F)C2=C1 |c:4,6,13,34,42,t:2,9,11,15,23,25|",534.5420000000003,0.003,10.0
Pralatrexate,"NC1=NC(N)=C2N=C(CC(CC#C)C3=CC=C(C=C3)C(=O)N[C@@H](CCC(O)=O)C(O)=O)C=NC2=N1 |c:15,17,32,35,t:1,4,6,13|",477.4810000000003,0.003,10.0
Acetaminophen,"CC(=O)NC1=CC=C(O)C=C1 |c:9,t:4,6|",151.165,0.003,10.0
Etifoxine,"CCNC1=NC2=CC=C(Cl)C=C2C(C)(O1)C1=CC=CC=C1 |c:10,19,21,t:3,5,7,17|",300.789,0.003,10.0
Sulfamethizole,"CC1=NN=C(NS(=O)(=O)C2=CC=C(N)C=C2)S1 |c:14,t:1,3,9,11|",270.339,0.003,10.0
OSI-027,"COC1=CC=CC2=C1NC(=C2)C1=C2N(N=CN=C2N)C(=N1)[C@H]1CC[C@@H](CC1)C(O)=O |r,c:4,6,10,16,18,22,t:2,13|",406.44600000000025,0.003,10.0
Nitisinone,"[O-][N+](=O)C1=CC(=CC=C1C(=O)C1C(=O)CCCC1=O)C(F)(F)F |c:5,7,t:3|",329.2299999999999,0.003,10.0
